21.7 C,2017-12-08 16:25:14
21.7 C,2017-12-08 16:25:14
21.7 C,2017-12-08 16:25:14
21.7 C,2017-12-08 16:25:14
21.7 C,2017-12-08 17:30:50
21.7 C,2017-12-08 17:31:38
21.7 C,2017-12-08 17:32:26
21.7 C,2017-12-08 17:33:14
21.7 C,2017-12-08 17:34:50
21.7 C,2017-12-08 17:35:38
21.7 C,2017-12-08 17:36:26
21.7 C,2017-12-08 17:37:14
21.7 C,2017-12-08 17:38:50
21.7 C,2017-12-08 17:39:38
21.7 C,2017-12-08 17:40:26
21.7 C,2017-12-08 17:41:14
21.7 C,2017-12-08 17:42:50
21.8 C,2017-12-08 17:43:38
21.8 C,2017-12-08 17:44:26
21.8 C,2017-12-08 17:45:14
21.8 C,2017-12-08 17:46:50
21.8 C,2017-12-08 17:47:38
21.8 C,2017-12-08 17:48:26
21.8 C,2017-12-08 17:49:14
21.8 C,2017-12-08 17:50:50
21.8 C,2017-12-08 17:51:38
21.8 C,2017-12-08 17:52:26
21.8 C,2017-12-08 17:53:14
21.8 C,2017-12-08 17:54:50
21.8 C,2017-12-08 17:55:38
21.8 C,2017-12-08 17:56:26
21.8 C,2017-12-08 17:57:14
21.8 C,2017-12-08 17:58:50
21.8 C,2017-12-08 17:59:38
21.8 C,2017-12-08 18:00:26
21.8 C,2017-12-08 18:01:14
21.8 C,2017-12-08 18:02:50
21.8 C,2017-12-08 18:03:38
21.8 C,2017-12-08 18:04:26
21.8 C,2017-12-08 18:05:14
21.8 C,2017-12-08 18:06:50
21.8 C,2017-12-08 18:07:38
21.8 C,2017-12-08 18:08:26
21.8 C,2017-12-08 18:09:14
21.8 C,2017-12-08 18:10:50
21.8 C,2017-12-08 18:11:38
21.8 C,2017-12-08 18:12:26
21.9 C,2017-12-08 18:19:38
21.9 C,2017-12-08 18:39:38
21.9 C,2017-12-08 18:59:38
21.9 C,2017-12-08 19:19:38
21.9 C,2017-12-08 19:39:38
21.9 C,2017-12-08 19:59:38
21.9 C,2017-12-08 20:19:38
22.4 C,2017-12-08 20:39:38
22.4 C,2017-12-08 20:59:38
22.4 C,2017-12-08 21:19:38
22.3 C,2017-12-08 21:39:37
22.2 C,2017-12-08 21:59:37
22.1 C,2017-12-08 22:19:37
22.1 C,2017-12-08 22:39:37
22.2 C,2017-12-08 22:59:37
22.2 C,2017-12-08 23:19:37
22.2 C,2017-12-08 23:39:37
22.2 C,2017-12-08 23:59:37
22.1 C,2017-12-09 00:19:37
22.1 C,2017-12-09 00:39:37
22.1 C,2017-12-09 00:59:37
22.1 C,2017-12-09 01:19:37
22.1 C,2017-12-09 01:39:37
22.0 C,2017-12-09 01:59:37
22.0 C,2017-12-09 02:19:37
22.0 C,2017-12-09 02:39:36
22.0 C,2017-12-09 02:59:36
22.0 C,2017-12-09 03:19:36
21.9 C,2017-12-09 03:39:36
21.9 C,2017-12-09 03:59:36
21.9 C,2017-12-09 04:19:36
21.9 C,2017-12-09 04:39:36
21.9 C,2017-12-09 04:59:36
21.9 C,2017-12-09 05:19:36
21.9 C,2017-12-09 05:39:36
21.9 C,2017-12-09 05:59:36
21.9 C,2017-12-09 06:19:36
21.9 C,2017-12-09 06:39:36
21.9 C,2017-12-09 06:59:36
21.9 C,2017-12-09 07:19:36
21.9 C,2017-12-09 07:39:35
21.9 C,2017-12-09 07:59:35
21.9 C,2017-12-09 08:19:35
21.9 C,2017-12-09 08:39:35
21.9 C,2017-12-09 08:59:35
21.9 C,2017-12-09 09:19:35
21.9 C,2017-12-09 09:39:35
21.9 C,2017-12-09 09:59:35
22.0 C,2017-12-09 10:19:35
22.1 C,2017-12-09 11:39:35
22.1 C,2017-12-09 11:59:35
22.2 C,2017-12-09 12:19:35
22.3 C,2017-12-09 12:39:35
22.4 C,2017-12-09 12:59:35
22.4 C,2017-12-09 13:19:35
22.4 C,2017-12-09 13:39:34
22.5 C,2017-12-09 13:59:34
22.5 C,2017-12-09 14:19:34
22.5 C,2017-12-09 14:39:34
22.6 C,2017-12-09 14:59:34
22.6 C,2017-12-09 15:19:34
22.6 C,2017-12-09 15:39:34
22.4 C,2017-12-09 15:59:34
22.3 C,2017-12-09 16:19:34
22.3 C,2017-12-09 16:39:34
22.2 C,2017-12-09 16:59:34
22.1 C,2017-12-09 17:19:34
22.1 C,2017-12-09 17:39:34
22.1 C,2017-12-09 17:59:34
22.1 C,2017-12-09 18:19:34
22.1 C,2017-12-09 18:39:33
22.1 C,2017-12-09 18:59:33
22.1 C,2017-12-09 19:19:33
22.1 C,2017-12-09 19:39:33
22.1 C,2017-12-09 19:59:33
22.0 C,2017-12-09 20:19:33
22.0 C,2017-12-09 20:39:33
22.0 C,2017-12-09 20:59:33
22.0 C,2017-12-09 21:19:33
22.0 C,2017-12-09 21:39:33
22.0 C,2017-12-09 21:59:33
22.0 C,2017-12-09 22:19:33
22.0 C,2017-12-09 22:39:33
22.0 C,2017-12-09 22:59:33
22.1 C,2017-12-09 23:19:33
22.1 C,2017-12-09 23:39:32
22.1 C,2017-12-09 23:59:32
22.0 C,2017-12-10 00:19:32
22.0 C,2017-12-10 00:39:32
22.0 C,2017-12-10 00:59:32
21.9 C,2017-12-10 01:19:32
21.9 C,2017-12-10 01:39:32
21.9 C,2017-12-10 01:59:32
21.9 C,2017-12-10 02:19:32
21.9 C,2017-12-10 02:39:32
21.9 C,2017-12-10 02:59:32
21.9 C,2017-12-10 03:19:32
21.9 C,2017-12-10 03:39:32
21.9 C,2017-12-10 03:59:32
21.9 C,2017-12-10 04:19:32
21.9 C,2017-12-10 04:39:31
21.9 C,2017-12-10 04:59:31
21.9 C,2017-12-10 05:19:31
21.9 C,2017-12-10 05:39:31
21.9 C,2017-12-10 05:59:31
21.9 C,2017-12-10 06:19:31
21.9 C,2017-12-10 06:39:31
21.9 C,2017-12-10 06:59:31
21.9 C,2017-12-10 07:19:31
21.9 C,2017-12-10 07:39:31
21.9 C,2017-12-10 07:59:31
21.9 C,2017-12-10 08:19:31
21.9 C,2017-12-10 08:39:31
21.9 C,2017-12-10 08:59:31
21.9 C,2017-12-10 09:19:31
21.9 C,2017-12-10 09:39:30
21.9 C,2017-12-10 09:59:30
21.9 C,2017-12-10 10:19:30
21.9 C,2017-12-10 10:39:30
21.9 C,2017-12-10 10:59:30
21.9 C,2017-12-10 11:19:30
21.9 C,2017-12-10 11:39:30
21.9 C,2017-12-10 11:59:30
22.0 C,2017-12-10 12:19:30
22.0 C,2017-12-10 12:39:30
22.1 C,2017-12-10 12:59:30
22.1 C,2017-12-10 13:19:30
22.2 C,2017-12-10 13:39:30
22.3 C,2017-12-10 13:59:30
22.3 C,2017-12-10 14:19:30
22.4 C,2017-12-10 14:39:29
22.4 C,2017-12-10 14:59:29
22.5 C,2017-12-10 15:19:29
22.4 C,2017-12-10 15:39:29
22.4 C,2017-12-10 15:59:29
22.3 C,2017-12-10 16:19:29
22.3 C,2017-12-10 16:39:29
22.3 C,2017-12-10 16:59:29
22.3 C,2017-12-10 17:19:29
22.3 C,2017-12-10 17:39:29
22.3 C,2017-12-10 17:59:29
22.3 C,2017-12-10 18:19:29
22.2 C,2017-12-10 18:39:29
22.2 C,2017-12-10 18:59:29
22.2 C,2017-12-10 19:19:29
22.2 C,2017-12-10 19:39:29
22.3 C,2017-12-10 19:59:28
22.2 C,2017-12-10 20:19:28
22.1 C,2017-12-10 20:39:28
22.1 C,2017-12-10 20:59:28
22.0 C,2017-12-10 21:19:28
22.0 C,2017-12-10 21:39:28
21.9 C,2017-12-10 21:59:28
21.9 C,2017-12-10 22:19:28
21.9 C,2017-12-10 22:39:28
21.9 C,2017-12-10 22:59:28
21.9 C,2017-12-10 23:19:28
21.9 C,2017-12-10 23:39:28
21.8 C,2017-12-10 23:59:28
21.8 C,2017-12-11 00:19:28
21.7 C,2017-12-11 00:39:27
21.7 C,2017-12-11 00:59:27
21.7 C,2017-12-11 01:19:27
21.7 C,2017-12-11 01:39:27
21.7 C,2017-12-11 01:59:27
21.7 C,2017-12-11 02:19:27
21.7 C,2017-12-11 02:39:27
21.7 C,2017-12-11 02:59:27
21.6 C,2017-12-11 03:19:27
21.6 C,2017-12-11 03:39:27
21.6 C,2017-12-11 03:59:27
21.6 C,2017-12-11 04:19:27
21.6 C,2017-12-11 04:39:27
21.5 C,2017-12-11 04:59:27
21.5 C,2017-12-11 05:19:27
21.5 C,2017-12-11 05:39:26
21.5 C,2017-12-11 05:59:26
21.5 C,2017-12-11 06:19:26
21.4 C,2017-12-11 06:39:26
21.4 C,2017-12-11 06:59:26
21.4 C,2017-12-11 07:19:26
21.6 C,2017-12-11 07:39:26
21.7 C,2017-12-11 07:59:26
21.5 C,2017-12-11 08:19:26
21.4 C,2017-12-11 08:39:26
21.3 C,2017-12-11 08:59:26
21.3 C,2017-12-11 09:19:26
21.3 C,2017-12-11 09:39:26
21.3 C,2017-12-11 09:59:26
21.3 C,2017-12-11 10:19:26
21.3 C,2017-12-11 10:39:25
21.3 C,2017-12-11 10:59:25
21.3 C,2017-12-11 11:19:25
21.3 C,2017-12-11 11:39:25
21.3 C,2017-12-11 11:59:25
21.3 C,2017-12-11 12:19:25
21.3 C,2017-12-11 12:39:25
21.3 C,2017-12-11 12:59:25
21.3 C,2017-12-11 13:19:25
21.3 C,2017-12-11 13:39:25
21.3 C,2017-12-11 13:59:25
21.3 C,2017-12-11 14:19:25
21.3 C,2017-12-11 14:39:25
21.2 C,2017-12-11 14:59:25
21.2 C,2017-12-11 15:19:25
21.2 C,2017-12-11 15:39:25
21.2 C,2017-12-11 15:59:24
21.3 C,2017-12-11 16:19:24
21.3 C,2017-12-11 16:39:24
21.3 C,2017-12-11 16:59:24
21.3 C,2017-12-11 17:19:24
21.3 C,2017-12-11 17:39:24
21.3 C,2017-12-11 17:59:24
21.4 C,2017-12-11 18:19:24
21.6 C,2017-12-11 18:39:24
21.7 C,2017-12-11 18:59:24
21.7 C,2017-12-11 19:19:24
21.8 C,2017-12-11 19:39:24
21.9 C,2017-12-11 19:59:24
21.9 C,2017-12-11 20:19:24
22.0 C,2017-12-11 20:39:24
22.1 C,2017-12-11 20:59:23
22.1 C,2017-12-11 21:19:23
22.2 C,2017-12-11 21:39:23
22.2 C,2017-12-11 21:59:23
22.2 C,2017-12-11 22:19:23
22.1 C,2017-12-11 22:39:23
22.0 C,2017-12-11 22:59:23
21.9 C,2017-12-11 23:19:23
21.8 C,2017-12-11 23:39:23
21.7 C,2017-12-11 23:59:23
21.7 C,2017-12-12 00:19:23
21.7 C,2017-12-12 00:39:23
21.6 C,2017-12-12 00:59:23
21.6 C,2017-12-12 01:19:23
21.6 C,2017-12-12 01:39:22
21.6 C,2017-12-12 01:59:22
21.6 C,2017-12-12 02:19:22
21.6 C,2017-12-12 02:39:22
21.6 C,2017-12-12 02:59:22
21.6 C,2017-12-12 03:19:22
21.5 C,2017-12-12 03:39:22
21.5 C,2017-12-12 03:59:22
21.6 C,2017-12-12 04:19:22
21.6 C,2017-12-12 04:39:22
21.6 C,2017-12-12 04:59:22
21.6 C,2017-12-12 05:19:22
21.5 C,2017-12-12 05:39:22
21.5 C,2017-12-12 05:59:22
21.4 C,2017-12-12 06:19:22
21.4 C,2017-12-12 06:39:22
21.4 C,2017-12-12 06:59:21
21.4 C,2017-12-12 07:19:21
21.5 C,2017-12-12 07:39:21
21.6 C,2017-12-12 07:59:21
21.6 C,2017-12-12 08:19:21
21.5 C,2017-12-12 08:39:21
21.4 C,2017-12-12 08:59:21
21.4 C,2017-12-12 09:19:21
21.3 C,2017-12-12 09:39:21
21.3 C,2017-12-12 09:59:21
21.3 C,2017-12-12 10:19:21
21.3 C,2017-12-12 10:39:21
21.3 C,2017-12-12 10:59:21
21.3 C,2017-12-12 11:19:21
21.2 C,2017-12-12 11:39:21
21.2 C,2017-12-12 11:59:20
21.2 C,2017-12-12 12:19:20
21.2 C,2017-12-12 12:39:20
21.2 C,2017-12-12 12:59:20
21.2 C,2017-12-12 13:19:20
21.2 C,2017-12-12 13:39:20
21.2 C,2017-12-12 13:59:20
21.2 C,2017-12-12 14:19:20
21.2 C,2017-12-12 14:39:20
21.2 C,2017-12-12 14:59:20
21.2 C,2017-12-12 15:19:20
21.2 C,2017-12-12 15:39:20
21.4 C,2017-12-12 15:59:20
21.7 C,2017-12-12 16:19:20
21.7 C,2017-12-12 16:39:20
21.8 C,2017-12-12 16:59:19
22.0 C,2017-12-12 17:19:19
22.1 C,2017-12-12 17:39:19
22.1 C,2017-12-12 17:59:19
22.1 C,2017-12-12 18:19:19
22.2 C,2017-12-12 18:39:19
22.2 C,2017-12-12 18:59:19
22.2 C,2017-12-12 19:19:19
22.2 C,2017-12-12 19:39:19
22.3 C,2017-12-12 19:59:19
22.3 C,2017-12-12 20:19:19
22.3 C,2017-12-12 20:39:19
22.3 C,2017-12-12 20:59:19
22.4 C,2017-12-12 21:19:19
22.4 C,2017-12-12 21:39:19
22.4 C,2017-12-12 21:59:18
22.4 C,2017-12-12 22:19:18
22.3 C,2017-12-12 22:39:18
22.1 C,2017-12-12 22:59:18
22.0 C,2017-12-12 23:19:18
21.9 C,2017-12-12 23:39:18
21.8 C,2017-12-12 23:59:18
21.8 C,2017-12-13 00:19:18
21.7 C,2017-12-13 00:39:18
21.7 C,2017-12-13 00:59:18
21.7 C,2017-12-13 01:19:18
21.7 C,2017-12-13 01:39:18
21.7 C,2017-12-13 01:59:18
21.7 C,2017-12-13 02:19:18
21.6 C,2017-12-13 02:39:18
21.6 C,2017-12-13 02:59:17
21.5 C,2017-12-13 03:19:17
21.5 C,2017-12-13 03:39:17
21.4 C,2017-12-13 03:59:17
21.4 C,2017-12-13 04:19:17
21.4 C,2017-12-13 04:39:17
21.4 C,2017-12-13 04:59:17
21.4 C,2017-12-13 05:19:17
21.4 C,2017-12-13 05:39:17
21.4 C,2017-12-13 05:59:17
21.4 C,2017-12-13 06:19:17
21.3 C,2017-12-13 06:39:17
21.3 C,2017-12-13 06:59:17
21.3 C,2017-12-13 07:19:17
21.3 C,2017-12-13 07:39:17
21.3 C,2017-12-13 07:59:16
21.3 C,2017-12-13 08:19:16
21.3 C,2017-12-13 08:39:16
21.3 C,2017-12-13 08:59:16
21.3 C,2017-12-13 09:19:16
21.2 C,2017-12-13 09:39:16
21.2 C,2017-12-13 09:59:16
21.2 C,2017-12-13 10:19:16
21.3 C,2017-12-13 10:39:16
21.3 C,2017-12-13 10:59:16
21.3 C,2017-12-13 11:19:16
21.4 C,2017-12-13 11:39:16
21.6 C,2017-12-13 11:59:16
21.6 C,2017-12-13 12:19:16
21.6 C,2017-12-13 12:39:16
21.6 C,2017-12-13 12:59:15
21.7 C,2017-12-13 13:19:15
21.8 C,2017-12-13 13:39:15
21.8 C,2017-12-13 13:59:15
21.9 C,2017-12-13 14:19:15
21.9 C,2017-12-13 14:39:15
22.0 C,2017-12-13 14:59:15
22.1 C,2017-12-13 15:19:15
22.1 C,2017-12-13 15:39:15
21.9 C,2017-12-13 15:59:15
21.8 C,2017-12-13 16:19:15
21.8 C,2017-12-13 16:39:15
21.7 C,2017-12-13 16:59:15
21.7 C,2017-12-13 17:19:15
21.6 C,2017-12-13 17:39:15
21.6 C,2017-12-13 17:59:14
21.5 C,2017-12-13 18:19:14
21.6 C,2017-12-13 18:39:14
21.6 C,2017-12-13 18:59:14
21.6 C,2017-12-13 19:19:14
21.7 C,2017-12-13 19:39:14
21.7 C,2017-12-13 19:59:14
21.7 C,2017-12-13 20:19:14
21.7 C,2017-12-13 20:39:14
21.6 C,2017-12-13 20:59:14
21.6 C,2017-12-13 21:19:14
21.6 C,2017-12-13 21:39:14
21.6 C,2017-12-13 21:59:14
21.5 C,2017-12-13 22:19:14
21.4 C,2017-12-13 22:39:14
21.5 C,2017-12-13 22:59:13
21.6 C,2017-12-13 23:19:13
21.7 C,2017-12-13 23:40:01
21.6 C,2017-12-13 23:59:13
21.5 C,2017-12-14 00:19:13
21.4 C,2017-12-14 00:40:01
21.4 C,2017-12-14 00:59:13
21.4 C,2017-12-14 01:20:01
21.4 C,2017-12-14 01:39:13
21.4 C,2017-12-14 02:00:01
21.4 C,2017-12-14 02:20:01
21.4 C,2017-12-14 02:40:01
21.4 C,2017-12-14 03:00:01
21.4 C,2017-12-14 03:20:01
21.4 C,2017-12-14 03:40:01
21.4 C,2017-12-14 04:00:01
21.4 C,2017-12-14 04:20:00
21.4 C,2017-12-14 04:40:00
21.3 C,2017-12-14 05:00:00
21.3 C,2017-12-14 05:20:00
21.3 C,2017-12-14 05:40:00
21.3 C,2017-12-14 06:00:00
21.3 C,2017-12-14 06:20:00
21.3 C,2017-12-14 06:40:00
21.3 C,2017-12-14 07:00:00
21.3 C,2017-12-14 07:20:00
21.3 C,2017-12-14 07:40:00
21.3 C,2017-12-14 08:00:00
21.3 C,2017-12-14 08:20:00
21.4 C,2017-12-14 08:40:00
21.4 C,2017-12-14 09:00:00
21.4 C,2017-12-14 09:19:59
21.3 C,2017-12-14 09:39:59
21.3 C,2017-12-14 09:59:59
21.3 C,2017-12-14 10:19:59
21.2 C,2017-12-14 10:39:59
21.2 C,2017-12-14 10:59:59
21.2 C,2017-12-14 11:19:59
21.2 C,2017-12-14 11:39:59
21.2 C,2017-12-14 11:59:59
21.4 C,2017-12-14 12:19:59
21.6 C,2017-12-14 12:39:59
21.7 C,2017-12-14 12:59:59
21.5 C,2017-12-14 13:19:59
21.7 C,2017-12-14 13:39:59
21.8 C,2017-12-14 13:59:59
21.9 C,2017-12-14 14:19:58
21.9 C,2017-12-14 14:39:58
22.0 C,2017-12-14 14:59:58
21.9 C,2017-12-14 15:19:58
21.9 C,2017-12-14 15:39:58
21.8 C,2017-12-14 15:59:58
21.7 C,2017-12-14 16:19:58
21.7 C,2017-12-14 16:39:58
21.7 C,2017-12-14 16:59:58
21.6 C,2017-12-14 17:19:58
21.6 C,2017-12-14 17:39:58
21.6 C,2017-12-14 17:59:58
21.6 C,2017-12-14 18:19:58
21.6 C,2017-12-14 18:39:58
21.7 C,2017-12-14 18:59:58
21.7 C,2017-12-14 19:19:57
21.7 C,2017-12-14 19:39:57
21.7 C,2017-12-14 19:59:57
21.7 C,2017-12-14 20:19:57
21.7 C,2017-12-14 20:39:57
21.7 C,2017-12-14 20:59:57
21.7 C,2017-12-14 21:19:57
21.7 C,2017-12-14 21:39:57
21.8 C,2017-12-14 21:59:57
21.7 C,2017-12-14 22:19:57
21.7 C,2017-12-14 22:39:57
21.5 C,2017-12-14 22:59:57
21.5 C,2017-12-14 23:19:57
21.4 C,2017-12-14 23:39:57
21.4 C,2017-12-14 23:59:57
21.4 C,2017-12-15 00:19:56
21.4 C,2017-12-15 00:39:56
21.4 C,2017-12-15 00:59:56
21.4 C,2017-12-15 01:19:56
21.4 C,2017-12-15 01:39:56
21.4 C,2017-12-15 01:59:56
21.4 C,2017-12-15 02:19:56
21.4 C,2017-12-15 02:39:56
21.4 C,2017-12-15 02:59:56
21.4 C,2017-12-15 03:19:56
21.4 C,2017-12-15 03:39:56
21.4 C,2017-12-15 03:59:56
21.3 C,2017-12-15 04:19:56
21.4 C,2017-12-15 04:39:56
21.4 C,2017-12-15 04:59:56
21.4 C,2017-12-15 05:19:56
21.3 C,2017-12-15 05:39:55
21.3 C,2017-12-15 05:59:55
21.3 C,2017-12-15 06:19:55
21.4 C,2017-12-15 06:39:55
21.4 C,2017-12-15 06:59:55
21.4 C,2017-12-15 07:19:55
21.3 C,2017-12-15 07:39:55
21.3 C,2017-12-15 07:59:55
21.3 C,2017-12-15 08:19:55
21.2 C,2017-12-15 08:39:55
21.2 C,2017-12-15 08:59:55
21.2 C,2017-12-15 09:19:55
21.2 C,2017-12-15 09:39:55
21.2 C,2017-12-15 09:59:55
21.2 C,2017-12-15 10:19:54
21.2 C,2017-12-15 10:39:54
21.1 C,2017-12-15 10:59:54
21.1 C,2017-12-15 11:19:54
21.1 C,2017-12-15 11:39:54
21.1 C,2017-12-15 11:59:54
21.2 C,2017-12-15 12:19:54
21.3 C,2017-12-15 12:39:54
21.3 C,2017-12-15 12:59:54
21.3 C,2017-12-15 13:19:54
21.3 C,2017-12-15 13:39:54
21.3 C,2017-12-15 13:59:54
21.3 C,2017-12-15 14:19:54
21.3 C,2017-12-15 14:39:54
21.3 C,2017-12-15 14:59:54
21.3 C,2017-12-15 15:19:53
21.4 C,2017-12-15 15:39:53
21.4 C,2017-12-15 15:59:53
21.4 C,2017-12-15 16:19:53
21.4 C,2017-12-15 16:39:53
21.4 C,2017-12-15 16:59:53
21.4 C,2017-12-15 17:19:53
21.4 C,2017-12-15 17:39:53
21.4 C,2017-12-15 17:59:53
21.4 C,2017-12-15 18:19:53
21.4 C,2017-12-15 18:39:53
21.4 C,2017-12-15 18:59:53
21.4 C,2017-12-15 19:19:53
21.4 C,2017-12-15 19:39:53
21.3 C,2017-12-15 19:59:53
21.4 C,2017-12-15 20:19:52
21.4 C,2017-12-15 20:39:52
21.4 C,2017-12-15 20:59:52
21.4 C,2017-12-15 21:19:52
21.4 C,2017-12-15 21:39:52
21.4 C,2017-12-15 21:59:52
21.4 C,2017-12-15 22:19:52
21.3 C,2017-12-15 22:39:52
21.3 C,2017-12-15 22:59:52
21.3 C,2017-12-15 23:19:52
21.3 C,2017-12-15 23:39:52
21.3 C,2017-12-15 23:59:52
21.3 C,2017-12-16 00:19:52
21.3 C,2017-12-16 00:39:52
21.3 C,2017-12-16 00:59:52
21.3 C,2017-12-16 01:19:52
21.3 C,2017-12-16 01:39:51
21.3 C,2017-12-16 01:59:51
21.3 C,2017-12-16 02:19:51
21.3 C,2017-12-16 02:39:51
21.3 C,2017-12-16 02:59:51
21.3 C,2017-12-16 03:19:51
21.3 C,2017-12-16 03:39:51
21.3 C,2017-12-16 03:59:51
21.3 C,2017-12-16 04:19:51
21.3 C,2017-12-16 04:39:51
21.3 C,2017-12-16 04:59:51
21.3 C,2017-12-16 05:19:51
21.3 C,2017-12-16 05:39:51
21.3 C,2017-12-16 05:59:51
21.3 C,2017-12-16 06:19:51
21.4 C,2017-12-16 06:39:50
21.4 C,2017-12-16 06:59:50
21.4 C,2017-12-16 07:19:50
21.3 C,2017-12-16 07:39:50
21.3 C,2017-12-16 07:59:50
21.2 C,2017-12-16 08:19:50
21.2 C,2017-12-16 08:39:50
21.2 C,2017-12-16 08:59:50
21.2 C,2017-12-16 09:19:50
21.2 C,2017-12-16 09:39:50
21.1 C,2017-12-16 09:59:50
21.1 C,2017-12-16 10:19:50
21.1 C,2017-12-16 10:39:50
21.1 C,2017-12-16 10:59:50
21.1 C,2017-12-16 11:19:50
21.1 C,2017-12-16 11:39:49
21.1 C,2017-12-16 11:59:49
21.1 C,2017-12-16 12:19:49
21.1 C,2017-12-16 12:39:49
21.1 C,2017-12-16 12:59:49
21.1 C,2017-12-16 13:19:49
21.1 C,2017-12-16 13:39:49
21.1 C,2017-12-16 13:59:49
21.1 C,2017-12-16 14:19:49
21.1 C,2017-12-16 14:39:49
21.1 C,2017-12-16 14:59:49
21.1 C,2017-12-16 15:19:49
21.1 C,2017-12-16 15:39:49
21.1 C,2017-12-16 15:59:49
21.1 C,2017-12-16 16:19:49
21.0 C,2017-12-16 16:39:48
21.0 C,2017-12-16 16:59:48
21.1 C,2017-12-16 17:19:48
21.0 C,2017-12-16 17:39:48
21.0 C,2017-12-16 17:59:48
21.0 C,2017-12-16 18:19:48
21.0 C,2017-12-16 18:39:48
21.0 C,2017-12-16 18:59:48
20.9 C,2017-12-16 19:19:48
21.2 C,2017-12-16 19:39:48
21.3 C,2017-12-16 19:59:48
21.4 C,2017-12-16 20:19:48
21.5 C,2017-12-16 20:39:48
21.6 C,2017-12-16 20:59:48
21.7 C,2017-12-16 21:19:48
21.6 C,2017-12-16 21:39:47
21.3 C,2017-12-16 21:59:47
21.2 C,2017-12-16 22:19:47
21.2 C,2017-12-16 22:39:47
21.2 C,2017-12-16 22:59:47
21.1 C,2017-12-16 23:19:47
21.1 C,2017-12-16 23:39:47
21.1 C,2017-12-16 23:59:47
21.1 C,2017-12-17 00:19:47
21.0 C,2017-12-17 00:39:47
21.0 C,2017-12-17 00:59:47
21.0 C,2017-12-17 01:19:47
21.0 C,2017-12-17 01:39:47
20.9 C,2017-12-17 01:59:47
20.9 C,2017-12-17 02:19:47
20.9 C,2017-12-17 02:39:46
20.9 C,2017-12-17 02:59:46
20.9 C,2017-12-17 03:19:46
20.9 C,2017-12-17 03:39:46
20.9 C,2017-12-17 03:59:46
20.9 C,2017-12-17 04:19:46
20.9 C,2017-12-17 04:39:46
20.9 C,2017-12-17 04:59:46
20.9 C,2017-12-17 05:19:46
20.9 C,2017-12-17 05:39:46
20.9 C,2017-12-17 05:59:46
20.8 C,2017-12-17 06:19:46
20.8 C,2017-12-17 06:39:46
20.8 C,2017-12-17 06:59:46
20.8 C,2017-12-17 07:19:46
20.8 C,2017-12-17 07:39:46
20.8 C,2017-12-17 07:59:45
20.8 C,2017-12-17 08:19:45
20.8 C,2017-12-17 08:39:45
20.8 C,2017-12-17 08:59:45
20.8 C,2017-12-17 09:19:45
20.8 C,2017-12-17 09:39:45
20.8 C,2017-12-17 09:59:45
20.8 C,2017-12-17 10:19:45
20.8 C,2017-12-17 10:39:45
20.8 C,2017-12-17 10:59:45
20.8 C,2017-12-17 11:19:45
20.7 C,2017-12-17 11:39:45
20.7 C,2017-12-17 11:59:45
20.7 C,2017-12-17 12:19:45
20.7 C,2017-12-17 12:39:45
20.7 C,2017-12-17 12:59:44
20.7 C,2017-12-17 13:19:44
20.8 C,2017-12-17 13:39:44
20.8 C,2017-12-17 13:59:44
20.8 C,2017-12-17 14:19:44
20.8 C,2017-12-17 14:39:44
20.7 C,2017-12-17 14:59:44
20.7 C,2017-12-17 15:19:44
20.7 C,2017-12-17 15:39:44
20.7 C,2017-12-17 15:59:44
20.7 C,2017-12-17 16:19:44
20.7 C,2017-12-17 16:39:44
20.6 C,2017-12-17 16:59:44
20.6 C,2017-12-17 17:19:44
20.6 C,2017-12-17 17:39:44
20.6 C,2017-12-17 17:59:43
20.6 C,2017-12-17 18:19:43
20.6 C,2017-12-17 18:39:43
20.6 C,2017-12-17 18:59:43
20.6 C,2017-12-17 19:19:43
20.6 C,2017-12-17 19:39:43
20.6 C,2017-12-17 19:59:43
20.5 C,2017-12-17 20:19:43
20.5 C,2017-12-17 20:39:43
20.5 C,2017-12-17 20:59:43
20.5 C,2017-12-17 21:19:43
20.5 C,2017-12-17 21:39:43
20.5 C,2017-12-17 21:59:43
20.5 C,2017-12-17 22:19:43
20.6 C,2017-12-17 22:39:43
20.6 C,2017-12-17 22:59:42
20.6 C,2017-12-17 23:19:42
20.6 C,2017-12-17 23:39:42
20.6 C,2017-12-17 23:59:42
20.5 C,2017-12-18 00:19:42
20.5 C,2017-12-18 00:39:42
20.4 C,2017-12-18 00:59:42
20.4 C,2017-12-18 01:19:42
20.4 C,2017-12-18 01:39:42
20.4 C,2017-12-18 01:59:42
20.4 C,2017-12-18 02:19:42
20.4 C,2017-12-18 02:39:42
20.4 C,2017-12-18 02:59:42
20.4 C,2017-12-18 03:19:42
20.4 C,2017-12-18 03:39:42
20.4 C,2017-12-18 03:59:41
20.4 C,2017-12-18 04:19:41
20.4 C,2017-12-18 04:39:41
20.4 C,2017-12-18 04:59:41
20.4 C,2017-12-18 05:19:41
20.4 C,2017-12-18 05:39:41
20.4 C,2017-12-18 05:59:41
20.4 C,2017-12-18 06:19:41
20.3 C,2017-12-18 06:39:41
20.3 C,2017-12-18 06:59:41
20.4 C,2017-12-18 07:19:41
20.3 C,2017-12-18 07:39:41
20.3 C,2017-12-18 07:59:41
20.3 C,2017-12-18 08:19:41
20.3 C,2017-12-18 08:39:41
20.3 C,2017-12-18 08:59:41
20.3 C,2017-12-18 09:19:40
20.3 C,2017-12-18 09:39:40
20.3 C,2017-12-18 09:59:40
20.3 C,2017-12-18 10:19:40
20.3 C,2017-12-18 10:39:40
20.3 C,2017-12-18 10:59:40
20.3 C,2017-12-18 11:19:40
20.3 C,2017-12-18 11:39:40
20.3 C,2017-12-18 11:59:40
20.3 C,2017-12-18 12:19:40
20.3 C,2017-12-18 12:39:40
20.4 C,2017-12-18 12:59:40
20.3 C,2017-12-18 13:19:40
20.3 C,2017-12-18 13:39:40
20.3 C,2017-12-18 13:59:40
20.6 C,2017-12-18 14:19:39
20.7 C,2017-12-18 14:39:39
20.9 C,2017-12-18 14:59:39
20.9 C,2017-12-18 15:19:39
20.9 C,2017-12-18 15:39:39
20.8 C,2017-12-18 15:59:39
20.8 C,2017-12-18 16:19:39
20.8 C,2017-12-18 16:39:39
20.8 C,2017-12-18 16:59:39
20.8 C,2017-12-18 17:19:39
20.8 C,2017-12-18 17:39:39
20.8 C,2017-12-18 17:59:39
20.7 C,2017-12-18 18:19:39
20.7 C,2017-12-18 18:39:39
20.7 C,2017-12-18 18:59:39
20.8 C,2017-12-18 19:19:38
21.0 C,2017-12-18 19:39:38
21.2 C,2017-12-18 19:59:38
21.2 C,2017-12-18 20:19:38
21.2 C,2017-12-18 20:39:38
21.3 C,2017-12-18 20:59:38
21.3 C,2017-12-18 21:19:38
21.4 C,2017-12-18 21:39:38
21.5 C,2017-12-18 21:59:38
21.5 C,2017-12-18 22:19:38
21.3 C,2017-12-18 22:39:38
21.2 C,2017-12-18 22:59:38
21.1 C,2017-12-18 23:19:38
21.1 C,2017-12-18 23:39:38
21.0 C,2017-12-18 23:59:38
21.0 C,2017-12-19 00:19:37
20.9 C,2017-12-19 00:39:37
20.9 C,2017-12-19 00:59:37
20.9 C,2017-12-19 01:19:37
20.9 C,2017-12-19 01:39:37
20.9 C,2017-12-19 01:59:37
20.9 C,2017-12-19 02:19:37
20.9 C,2017-12-19 02:39:37
20.9 C,2017-12-19 02:59:37
20.9 C,2017-12-19 03:19:37
20.9 C,2017-12-19 03:39:37
20.9 C,2017-12-19 03:59:37
20.9 C,2017-12-19 04:19:37
20.9 C,2017-12-19 04:39:37
20.9 C,2017-12-19 04:59:37
20.8 C,2017-12-19 05:19:36
20.8 C,2017-12-19 05:39:36
20.8 C,2017-12-19 05:59:36
20.9 C,2017-12-19 06:19:36
20.8 C,2017-12-19 06:39:36
20.8 C,2017-12-19 06:59:36
20.8 C,2017-12-19 07:19:36
20.8 C,2017-12-19 07:39:36
20.9 C,2017-12-19 07:59:36
20.9 C,2017-12-19 08:19:36
21.2 C,2017-12-19 08:39:36
21.2 C,2017-12-19 08:59:36
21.1 C,2017-12-19 09:19:36
21.0 C,2017-12-19 09:39:36
20.9 C,2017-12-19 09:59:36
20.8 C,2017-12-19 10:19:35
20.8 C,2017-12-19 10:39:35
20.8 C,2017-12-19 10:59:35
20.8 C,2017-12-19 11:19:35
20.9 C,2017-12-19 11:39:35
20.9 C,2017-12-19 11:59:35
20.9 C,2017-12-19 12:19:35
20.8 C,2017-12-19 12:39:35
20.8 C,2017-12-19 12:59:35
20.8 C,2017-12-19 13:19:35
20.8 C,2017-12-19 13:39:35
20.8 C,2017-12-19 13:59:35
20.8 C,2017-12-19 14:19:35
20.8 C,2017-12-19 14:39:35
20.8 C,2017-12-19 14:59:35
20.7 C,2017-12-19 15:19:35
20.7 C,2017-12-19 15:39:34
20.7 C,2017-12-19 15:59:34
20.7 C,2017-12-19 16:19:34
20.7 C,2017-12-19 16:39:34
20.8 C,2017-12-19 16:59:34
20.9 C,2017-12-19 17:19:34
21.0 C,2017-12-19 17:39:34
21.1 C,2017-12-19 17:59:34
21.1 C,2017-12-19 18:19:34
21.3 C,2017-12-19 18:39:34
21.5 C,2017-12-19 18:59:34
21.7 C,2017-12-19 19:19:34
21.8 C,2017-12-19 19:39:34
22.0 C,2017-12-19 19:59:34